{"cameraMode":{"drawMode":0,"name":"Shaded","section":"Shading Mode"},"sceneLighting":true,"audioPlay":false,"sceneViewState":{"m_AlwaysRefresh":false,"showFog":true,"showSkybox":true,"showFlares":true,"showImageEffects":true,"showParticleSystems":true,"showVisualEffectGraphs":true,"m_FxEnabled":true},"in2DMode":false,"pivot":{"x":-1.7857794761657715,"y":9.073382377624512,"z":-0.7387873530387878},"rotation":{"x":-0.14997051656246186,"y":0.6812837719917297,"z":-0.14565911889076234,"w":-0.7015764713287354},"size":1.3356670141220093,"orthographic":false}